{
  "total_marks" : 100,
  "facts_dir" : "facts",
  "solutions_output_dir" : "solutions_output",

  "problems" : {

    "family" : {
      "order" : 1,
      "facts_file" : "family.facts.dlv",
      "predicates" : {
        "descendant" : {
          "order" : 1,
          "score" : 0.125,
          "solution_file" : "descendant.dlv.out"
        },
        "sibling" : {
          "order" : 2,
          "score" : 0.125,
          "solution_file" : "sibling.dlv.out"
        },
        "icv_person_has_parent" : {
          "order" : 3,
          "score" : 0.125,
          "solution_file" : "icv_person_has_parent.dlv.out"
        },
        "icv_person_has_father_mother" : {
          "order" : 4,
          "score" : 0.125,
          "solution_file" : "icv_person_has_father_mother.dlv.out"
        }
      }
    },

    "publication" : {
      "order" : 2,
      "facts_file" : "publication.facts.dlv",
      "predicates" : {
        "icv_pid_key" : {
          "order" : 1,
          "score" : 0.1,
          "solution_file" : "icv_pid_key.dlv.out"
        },
        "icv_journal_publisher" : {
          "order" : 2,
          "score" : 0.1,
          "solution_file" : "icv_journal_publisher.dlv.out"
        },
        "ncv_firstpage_lastpage" : {
          "order" : 3,
          "score" : 0.1,
          "solution_file" : "ncv_firstpage_lastpage.dlv.out"
        },
        "icv_cited_publication" : {
          "order" : 4,
          "score" : 0.1,
          "solution_file" : "icv_cited_publication.dlv.out"
        },
        "ncv_p1_greater_p2" : {
          "order" : 5,
          "score" : 0.1,
          "solution_file" : "ncv_p1_greater_p2.dlv.out"
        }
      }
    }


  }
}
